{
  "nodes": [
      {
          "id": 41,
          "oid": "5a56e22893cc2b42a6bf001f",
          "type": "role",
          "name": "\u5468\u83b9",
          "avatar": "https://i.linkeddb.com/upload/image/2017920/140646844806.jpg",
          "url": "/movie/role/5a56e22893cc2b42a6bf001f/",
          "exdata": {
              "id": 67864,
              "oid": "59fa71e218521569b662b81e",
              "name": "\u5b59\u4fea",
              "avatar": "https://i.linkeddb.com/person2/070d/d9c3/0fe9aa40e9c3014d23fadcce.jpg"
          }
      },
      {
          "id": 42,
          "oid": "5a56e22893cc2b42a6bf0020",
          "type": "role",
          "name": "\u6c88\u661f\u79fb",
          "avatar": "https://i.linkeddb.com/upload/image/2017920/140848800133.jpg",
          "url": "/movie/role/5a56e22893cc2b42a6bf0020/",
          "exdata": {
              "id": 146808,
              "oid": "59fa798518521569b66a0707",
              "name": "\u9648\u6653",
              "avatar": "https://i.linkeddb.com/person2/5fe0/efe2/375e86834b0fd8e423ed46ad.jpg"
          }
      },
      {
          "id": 44,
          "oid": "5a56e22893cc2b42a6bf0022",
          "type": "role",
          "name": "\u8d75\u767d\u77f3",
          "avatar": "https://i.linkeddb.com/upload/image/2017920/141152124754.jpg",
          "url": "/movie/role/5a56e22893cc2b42a6bf0022/",
          "exdata": {
              "id": 77558,
              "oid": "59fa72aa18521569b6637db9",
              "name": "\u4efb\u91cd",
              "avatar": "https://i.linkeddb.com/person2/f033/143e/fd25ff01c512e568bedb139f.jpg"
          }
      },
      {
          "id": 49,
          "oid": "5a56e22893cc2b42a6bf0027",
          "type": "role",
          "name": "\u5468\u8001\u56db",
          "avatar": "https://i.linkeddb.com/upload/image/2017920/143059527666.jpg",
          "url": "/movie/role/5a56e22893cc2b42a6bf0027/",
          "exdata": {
              "id": 18420,
              "oid": "59fa6ee218521569b65fc164",
              "name": "\u5218\u4f69\u7426",
              "avatar": "https://i.linkeddb.com/person2/6dc0/474c/800b91826457c39b325db6d1.jpg"
          }
      },
      {
          "id": 43,
          "oid": "5a56e22893cc2b42a6bf0021",
          "type": "role",
          "name": "\u5434\u8058",
          "avatar": "https://i.linkeddb.com/upload/image/2017920/141041905393.jpg",
          "url": "/movie/role/5a56e22893cc2b42a6bf0021/",
          "exdata": {
              "id": 76294,
              "oid": "59fa729b18521569b6636ff3",
              "name": "\u4f55\u6da6\u4e1c",
              "avatar": "https://i.linkeddb.com/person2/b4ab/93bf/76a67ed28d5bcf5e6e08d49e.jpg"
          }
      },
      {
          "id": 50,
          "oid": "5a56e22893cc2b42a6bf0028",
          "type": "role",
          "name": "\u6c88\u56db\u6d77",
          "avatar": "https://i.linkeddb.com/upload/image/2017920/143624653261.jpg",
          "url": "/movie/role/5a56e22893cc2b42a6bf0028/",
          "exdata": {
              "id": 20839,
              "oid": "59fa6eff18521569b65fe02c",
              "name": "\u8c22\u541b\u8c6a",
              "avatar": "https://i.linkeddb.com/person2/ef23/5499/0faf910b5f1c74a5e5beedbf.jpg"
          }
      },
      {
          "id": 47,
          "oid": "5a56e22893cc2b42a6bf0025",
          "type": "role",
          "name": "\u5434\u851a\u6587",
          "avatar": "https://i.linkeddb.com/upload/image/2017920/143212760960.jpg",
          "url": "/movie/role/5a56e22893cc2b42a6bf0025/",
          "exdata": {
              "id": 80081,
              "oid": "59fa72dd18521569b663b17a",
              "name": "\u5f20\u6668\u5149",
              "avatar": "https://i.linkeddb.com/person2/d951/b1d3/01f0a1ccfa0c8d2aef80f543.jpg"
          }
      },
      {
          "id": 51,
          "oid": "5a56e22893cc2b42a6bf0029",
          "type": "role",
          "name": "\u5343\u7ea2",
          "avatar": "https://i.linkeddb.com/upload/image/2017920/144328263786.jpg",
          "url": "/movie/role/5a56e22893cc2b42a6bf0029/",
          "exdata": {
              "id": 15313,
              "oid": "59fa6ec018521569b65f9fd4",
              "name": "\u5468\u4e3d\u6dc7",
              "avatar": "https://i.linkeddb.com/person2/aa47/0381/6cd27a6f890af3440fc813cd.jpg"
          }
      },
      {
          "id": 48,
          "oid": "5a56e22893cc2b42a6bf0026",
          "type": "role",
          "name": "\u5434\u6f2a",
          "avatar": "https://i.linkeddb.com/upload/image/2017920/142808729350.jpg",
          "url": "/movie/role/5a56e22893cc2b42a6bf0026/",
          "exdata": {
              "id": 171638,
              "oid": "59fa7e4f18521569b66dbcd9",
              "name": "\u66fe\u6dc7",
              "avatar": "https://i.linkeddb.com/upload/image/2017920/142410770419.jpg"
          }
      },
      {
          "id": 55,
          "oid": "5a56e22893cc2b42a6bf002d",
          "type": "role",
          "name": "\u6c88\u6708\u751f",
          "avatar": "https://i.linkeddb.com/upload/image/2017920/165524797798.jpg",
          "url": "/movie/role/5a56e22893cc2b42a6bf002d/",
          "exdata": {
              "id": 81417,
              "oid": "59fa72f718521569b663cccc",
              "name": "\u674e\u89e3",
              "avatar": "https://i.linkeddb.com/person2/8edb/31e8/c09ff047f76721dc268011fb.jpg"
          }
      },
      {
          "id": 59,
          "oid": "5a56e22993cc2b42a6bf0031",
          "type": "role",
          "name": "\u5434\u9047",
          "avatar": "https://i.linkeddb.com/upload/image/2017920/171456600879.jpg",
          "url": "/movie/role/5a56e22993cc2b42a6bf0031/",
          "exdata": {
              "id": 155065,
              "oid": "59fa7ab118521569b66b0ae1",
              "name": "\u8bb8\u8bfa",
              "avatar": "https://i.linkeddb.com/person2/1cd8/47b9/04dc74ae4dbdc51614dd5e0d.jpg"
          }
      },
      {
          "id": 45,
          "oid": "5a56e22893cc2b42a6bf0023",
          "type": "role",
          "name": "\u80e1\u548f\u6885",
          "avatar": "https://i.linkeddb.com/upload/image/2017920/141341851866.jpg",
          "url": "/movie/role/5a56e22893cc2b42a6bf0023/",
          "exdata": {
              "id": 25465,
              "oid": "59fa6f4c18521569b6602932",
              "name": "\u80e1\u674f\u513f",
              "avatar": "https://i.linkeddb.com/person2/dd65/89e5/6c3163f8fb99fbac5a2fde3a.jpg"
          }
      },
      {
          "id": 46,
          "oid": "5a56e22893cc2b42a6bf0024",
          "type": "role",
          "name": "\u675c\u660e\u793c",
          "avatar": "https://i.linkeddb.com/upload/image/2017920/141611471224.jpg",
          "url": "/movie/role/5a56e22893cc2b42a6bf0024/",
          "exdata": {
              "id": 105183,
              "oid": "59fa751618521569b665e8a2",
              "name": "\u4fde\u704f\u660e",
              "avatar": "https://i.linkeddb.com/upload/2c33/76de/923efcfad5f70b2755601530.png"
          }
      },
      {
          "id": 56,
          "oid": "5a56e22893cc2b42a6bf002e",
          "type": "role",
          "name": "\u5434\u6cfd",
          "avatar": "https://i.linkeddb.com/upload/image/2017920/165926893902.jpg",
          "url": "/movie/role/5a56e22893cc2b42a6bf002e/",
          "exdata": {
              "id": 156844,
              "oid": "59fa7af418521569b66b44e1",
              "name": "\u5f20\u5929\u9633",
              "avatar": "https://i.linkeddb.com/person2/75f6/f682/2dbdb23443d37793c5b44250.jpg"
          }
      },
      {
          "id": 54,
          "oid": "5a56e22893cc2b42a6bf002c",
          "type": "role",
          "name": "\u56fe\u5c14\u4e39",
          "avatar": "https://i.linkeddb.com/upload/image/2017920/165123228566.jpg",
          "url": "/movie/role/5a56e22893cc2b42a6bf002c/",
          "exdata": {
              "id": 171640,
              "oid": "59fa7e4f18521569b66dbc29",
              "name": "\u9ad8\u5723\u8fdc",
              "avatar": "https://i.linkeddb.com/upload/image/2017920/164932735319.jpg"
          }
      },
      {
          "id": 57,
          "oid": "5a56e22893cc2b42a6bf002f",
          "type": "role",
          "name": "\u738b\u4e16\u5747",
          "avatar": "https://i.linkeddb.com/upload/image/2017920/170109871241.jpg",
          "url": "/movie/role/5a56e22893cc2b42a6bf002f/",
          "exdata": {
              "id": 139118,
              "oid": "59fa789918521569b6692e47",
              "name": "\u674e\u6cfd\u950b",
              "avatar": "https://i.linkeddb.com/person2/2fc9/f05b/2cdce261a4389909b416e501.jpg"
          }
      }
  ],
  "links": [
      {
          "source": 41,
          "target": 42,
          "relation": "\u670b\u53cb",
          "color": "734646"
      },
      {
          "source": 41,
          "target": 43,
          "relation": "\u670b\u53cb",
          "color": "734646"
      },
      {
          "source": 41,
          "target": 44,
          "relation": "\u517b\u5973",
          "color": "f2826a"
      },
      {
          "source": 41,
          "target": 45,
          "relation": "\u4e3b\u4ec6",
          "color": ""
      },
      {
          "source": 41,
          "target": 46,
          "relation": "\u4ec7\u4eba",
          "color": ""
      }
  ]
}


