{
  "id": "1595336",
  "name": "情报研判",
  "font_family": "iconfont",
  "css_prefix_text": "icon-",
  "description": "",
  "glyphs": [
    {
      "icon_id": "1586530",
      "name": "选项框",
      "font_class": "xuanxiangkuang",
      "unicode": "e636",
      "unicode_decimal": 58934
    },
    {
      "icon_id": "3535580",
      "name": "减少",
      "font_class": "jianshao",
      "unicode": "e637",
      "unicode_decimal": 58935
    },
    {
      "icon_id": "3644383",
      "name": "选项框(确定)",
      "font_class": "xuanxiangkuangqueding",
      "unicode": "e600",
      "unicode_decimal": 58880
    },
    {
      "icon_id": "4572617",
      "name": "增加",
      "font_class": "zengjia",
      "unicode": "e655",
      "unicode_decimal": 58965
    },
    {
      "icon_id": "5229906",
      "name": "选项框(确定)",
      "font_class": "xuanxiangkuangqueding1",
      "unicode": "e601",
      "unicode_decimal": 58881
    },
    {
      "icon_id": "7196716",
      "name": "增加",
      "font_class": "jia",
      "unicode": "e661",
      "unicode_decimal": 58977
    },
    {
      "icon_id": "7388294",
      "name": "选项框01",
      "font_class": "xuanxiangkuang1",
      "unicode": "e621",
      "unicode_decimal": 58913
    },
    {
      "icon_id": "10108226",
      "name": "减少",
      "font_class": "jianshao1",
      "unicode": "e63c",
      "unicode_decimal": 58940
    }
  ]
}
